{"cameraMode":{"drawMode":0,"name":"Shaded","section":"Shading Mode"},"sceneLighting":false,"audioPlay":false,"sceneViewState":{"showFog":true,"showMaterialUpdate":false,"showSkybox":false,"showFlares":true,"showImageEffects":true,"showParticleSystems":true},"in2DMode":false,"pivot":{"x":0.015348013490438462,"y":0.1162186786532402,"z":-0.02075360342860222},"rotation":{"x":0.1692827045917511,"y":-0.0035510773304849865,"z":0.0005974414525553584,"w":0.9855796694755554},"size":0.2518221139907837,"orthographic":true}