{"cameraMode":{"drawMode":0,"name":"Shaded","section":"Shading Mode"},"sceneLighting":false,"audioPlay":false,"sceneViewState":{"showFog":true,"showMaterialUpdate":false,"showSkybox":false,"showFlares":true,"showImageEffects":true,"showParticleSystems":true},"in2DMode":false,"pivot":{"x":5.605327129364014,"y":43.06047058105469,"z":-103.14381408691406},"rotation":{"x":0.02399192750453949,"y":0.9502646923065186,"z":-0.07570560276508331,"w":0.3011492192745209},"size":0.04583807289600372,"orthographic":true}