{"cameraMode":{"drawMode":0,"name":"Shaded","section":"Shading Mode"},"sceneLighting":false,"audioPlay":false,"sceneViewState":{"showFog":true,"showMaterialUpdate":false,"showSkybox":false,"showFlares":true,"showImageEffects":true,"showParticleSystems":true},"in2DMode":false,"pivot":{"x":-5.010000228881836,"y":2.7899999618530275,"z":0.0},"rotation":{"x":0.03058459237217903,"y":0.026383845135569574,"z":-0.0008214391418732703,"w":0.9992006421089172},"size":0.15647371113300324,"orthographic":true}