{"cameraMode":{"drawMode":0,"name":"Shaded","section":"Shading Mode"},"sceneLighting":false,"audioPlay":false,"sceneViewState":{"showFog":true,"showMaterialUpdate":false,"showSkybox":false,"showFlares":true,"showImageEffects":true,"showParticleSystems":true},"in2DMode":false,"pivot":{"x":-2.679269790649414,"y":-0.7714030742645264,"z":2.677187442779541},"rotation":{"x":0.12104292213916779,"y":-0.11054356396198273,"z":0.013548316434025765,"w":0.9863981604576111},"size":6.210992813110352,"orthographic":true}