{"cameraMode":{"drawMode":0,"name":"Shaded","section":"Shading Mode"},"sceneLighting":true,"audioPlay":false,"sceneViewState":{"showFog":true,"showMaterialUpdate":false,"showSkybox":true,"showFlares":true,"showImageEffects":true,"showParticleSystems":true},"in2DMode":false,"pivot":{"x":-0.12473218142986298,"y":0.8501296043395996,"z":-10.223997116088868},"rotation":{"x":0.1372423768043518,"y":0.6428923606872559,"z":-0.11861564218997956,"w":0.7442213892936707},"size":0.11989143490791321,"orthographic":true}