{"cameraMode":{"drawMode":0,"name":"Shaded","section":"Shading Mode"},"sceneLighting":true,"audioPlay":false,"sceneViewState":{"showFog":true,"showMaterialUpdate":false,"showSkybox":true,"showFlares":true,"showImageEffects":true,"showParticleSystems":true},"in2DMode":false,"pivot":{"x":-0.10638821125030518,"y":0.7527402639389038,"z":-1.333511233329773},"rotation":{"x":0.2763238847255707,"y":0.05848144739866257,"z":-0.01684848964214325,"w":0.9591385722160339},"size":1.8866024017333985,"orthographic":false}