{"cameraMode":{"drawMode":0,"name":"Shaded","section":"Shading Mode"},"sceneLighting":true,"audioPlay":false,"sceneViewState":{"showFog":true,"showMaterialUpdate":false,"showSkybox":true,"showFlares":true,"showImageEffects":true,"showParticleSystems":true},"in2DMode":false,"pivot":{"x":0.028401238843798639,"y":-0.06332875788211823,"z":0.08094680309295654},"rotation":{"x":0.3408261835575104,"y":0.5986184477806091,"z":-0.3116265833377838,"w":0.6546375155448914},"size":0.06971731781959534,"orthographic":false}