{"cameraMode":{"drawMode":0,"name":"Shaded","section":"Shading Mode"},"sceneLighting":true,"audioPlay":false,"sceneViewState":{"showFog":true,"showMaterialUpdate":false,"showSkybox":true,"showFlares":true,"showImageEffects":true,"showParticleSystems":true},"in2DMode":false,"pivot":{"x":0.008956218138337136,"y":-0.013362444005906582,"z":0.23917008936405183},"rotation":{"x":0.09423992037773133,"y":0.05015181377530098,"z":-0.004754515830427408,"w":0.994278073310852},"size":0.18733534216880799,"orthographic":false}