{"cameraMode":{"drawMode":0,"name":"Shaded","section":"Shading Mode"},"sceneLighting":true,"audioPlay":false,"sceneViewState":{"showFog":true,"showMaterialUpdate":false,"showSkybox":true,"showFlares":true,"showImageEffects":true,"showParticleSystems":true},"in2DMode":false,"pivot":{"x":-0.2197696715593338,"y":0.5898810029029846,"z":-8.472381591796875},"rotation":{"x":0.2020450085401535,"y":0.08946703374385834,"z":-0.018534772098064424,"w":0.9751160740852356},"size":0.6181463003158569,"orthographic":false}