{"cameraMode":{"drawMode":0,"name":"Shaded","section":"Shading Mode"},"sceneLighting":true,"audioPlay":false,"sceneViewState":{"showFog":true,"showMaterialUpdate":false,"showSkybox":true,"showFlares":true,"showImageEffects":true,"showParticleSystems":true},"in2DMode":false,"pivot":{"x":-0.17100000381469727,"y":1.0,"z":-9.82800006866455},"rotation":{"x":0.14210860431194306,"y":-0.05491039529442787,"z":0.007908149622380734,"w":0.9883253574371338},"size":0.2513447105884552,"orthographic":true}