{"cameraMode":{"drawMode":0,"name":"Shaded","section":"Shading Mode"},"sceneLighting":false,"audioPlay":false,"sceneViewState":{"showFog":true,"showMaterialUpdate":false,"showSkybox":false,"showFlares":true,"showImageEffects":true,"showParticleSystems":true},"in2DMode":false,"pivot":{"x":-0.4548332989215851,"y":0.9782347083091736,"z":-9.49272632598877},"rotation":{"x":0.05994177982211113,"y":-0.8862999081611633,"z":0.11983920633792877,"w":0.4433142840862274},"size":0.01316651701927185,"orthographic":false}