{"cameraMode":{"drawMode":0,"name":"Shaded","section":"Shading Mode"},"sceneLighting":true,"audioPlay":false,"sceneViewState":{"showFog":true,"showMaterialUpdate":false,"showSkybox":true,"showFlares":true,"showImageEffects":true,"showParticleSystems":true},"in2DMode":false,"pivot":{"x":-1.3743782043457032,"y":-0.060955047607421878,"z":1.369171142578125},"rotation":{"x":-0.10048080235719681,"y":0.055783092975616458,"z":-0.005642614793032408,"w":-0.9933605790138245},"size":8.257889747619629,"orthographic":false}